lr,num_epochs,tau
0.0017936075559796768,4,1
0.0017936075559796768,4,1
0.0012986265882125167,3,1
