lr,num_epochs
0.001080265691296867,4
0.001080265691296867,4
0.001080265691296867,4
