lr,num_epochs,tau
0.0017936075559796768,8,1
0.0012986265882125167,6,1
0.0012986265882125167,6,1
