lr,num_epochs
0.0009763859072011794,18
0.0008476050164217973,4
0.00035678308704938084,4
