lr,num_epochs
0.0013127245462383958,2
0.0013127245462383958,2
0.0013127245462383958,2
0.0013127245462383958,2
