lr,num_epochs
0.001080265691296867,3
0.001080265691296867,3
