lr,num_epochs
0.001080265691296867,4
0.0013127245462383958,3
0.0013127245462383958,3
